{
  "params": {
    "background": "#ffffff",
    "baseSize": 0.3,
    "brightness": 0.8200000000000001,
    "grainAmount": 0.72,
    "ridgeScale": 1.45,
    "ridgeThreshold": 0.18000000000000002,
    "warpScale": 0.2,
    "warpStrength": 0.36,
    "heightScale": 0.135,
    "heightAmp": 1.1300000000000001,
    "tintTeal": "#ffffff",
    "tintBlue": "#ffffff",
    "fftSmoothing": 0.46,
    "lowEndHz": 237,
    "midEndHz": 3280,
    "highEndHz": 9470,
    "lowGain": 0.86,
    "midGain": 1.85,
    "highGain": 1.68,
    "energyLowMix": 0.45,
    "energyMidMix": 0.39,
    "energyHighMix": 0.44,
    "fftResponse": 0.795,
    "soundAccumAdd": 0.05,
    "flowSpeed": 1.3,
    "noiseZScale": 0.035
  },
  "postParams": {
    "bloomStrength": 1.1400000000000001,
    "bloomStrength2": 0.8300000000000001,
    "grainAmount": 0.98,
    "grainSize": 2.8000000000000003,
    "glowIntensity": 0,
    "vignetteStrength": 1,
    "exposure": 0.5,
    "contrast": 0.5
  },
  "camera": {
    "position": {
      "x": 0.00010884535725688363,
      "y": 4.172696035534171,
      "z": 0.035742721792721005
    },
    "target": {
      "x": 0,
      "y": 0,
      "z": 0
    }
  }
}